Metric,Value
Accuracy,0.8622950819672132
Precision,0.9
Recall,0.8910891089108911
F1 Score,0.8955223880597015
ROC AUC,0.9392482937614149
False Positive Rate,0.1941747572815534
False Negative Rate,0.10891089108910891
