Metric,Value
Accuracy,0.6666666666666666
Precision,0.6666666666666666
Recall,1.0
F1-Score,0.8
ROC-AUC,0.56
FPR,1.0
FNR,0.0
Loss,0.6391021013259888
